,,,,,不獨表，防作弊,血量不要為0,,不讀表,,遊戲中/10000,,不讀表,遊戲中/100,不讀表,不讀表，在武器prefab中設定,,,,,不讀表,不讀表,不讀表,不讀表,不讀表,遊戲中/100,"遊戲中/100 (+ => 上, - =>下)",,,,,,,,,,,,
ID,物件名稱,Tag,Name,Level(等級),Max Level,Health,Armor,總生命,Mass,Speed,Strength,DPS,FireRate,攻擊距離,FireElevation,FireStrength,BulletGravity,LinearDrag,BulletLifetime,可攻擊數量,效果持續時間,效果數值,攻擊時機,效果作用方,WeightEffect,AngleEffect,MinOpenCells,MaxMass,,物件說明,材質,驅動類型,,,,,,
,,,,,,,,,,,,,,,,,,,,,,,,,,,,,,,,,,,,,,
1001,戎克船,S_,Ship01,0,4,400,305,705,10,150,0,,0,,0,0,0,0,0,,,,,,0,0,3,23,,中大型的木造船，具有一些中國風格的設計和裝飾，相當均衡的一艘船。,可燃物,物理,,,,,,
1001,戎克船,S_,Ship01,1,4,480,366,,10,150,0,,0,,0,0,0,0,0,,,,,,0,0,4,23,,中大型的木造船，具有一些中國風格的設計和裝飾，相當均衡的一艘船。,,,,,,,,
1001,戎克船,S_,Ship01,2,4,600,458,,10,150,0,,0,,0,0,0,0,0,,,,,,0,0,5,23,,中大型的木造船，具有一些中國風格的設計和裝飾，相當均衡的一艘船。,,,,,,,,
1001,戎克船,S_,Ship01,3,4,800,611,,10,150,0,,0,,0,0,0,0,0,,,,,,0,0,6,23,,中大型的木造船，具有一些中國風格的設計和裝飾，相當均衡的一艘船。,,,,,,,,
1001,戎克船,S_,Ship01,4,4,1200,917,,10,150,0,,0,,0,0,0,0,0,,,,,,0,0,7,23,,中大型的木造船，具有一些中國風格的設計和裝飾，相當均衡的一艘船。,,,,,,,,
,,,,,,,,,,,,,,,,,,,,,,,,,,,,,,,,,,,,,,
1002,中型輪船,S_,Ship02,0,4,570,230,800,16,50,0,,0,,0,0,0,0,0,,,,,,0,0,4,35,,中型的木造輪船，較難平衡，擁有很高的血量和護甲。,可燃物,燃燒,,,,,,
1002,中型輪船,S_,Ship02,1,4,684,276,,16,50,0,,0,,0,0,0,0,0,,,,,,0,0,5,35,,中型的木造輪船，較難平衡，擁有很高的血量和護甲。,,,,,,,,
1002,中型輪船,S_,Ship02,2,4,855,345,,16,50,0,,0,,0,0,0,0,0,,,,,,0,0,6,35,,中型的木造輪船，較難平衡，擁有很高的血量和護甲。,,,,,,,,
1002,中型輪船,S_,Ship02,3,4,1140,460,,16,50,0,,0,,0,0,0,0,0,,,,,,0,0,7,35,,中型的木造輪船，較難平衡，擁有很高的血量和護甲。,,,,,,,,
1002,中型輪船,S_,Ship02,4,4,1710,690,,16,50,0,,0,,0,0,0,0,0,,,,,,0,0,8,35,,中型的木造輪船，較難平衡，擁有很高的血量和護甲。,,,,,,,,
,,,,,,,,,,,,,,,,,,,,,,,,,,,,,,,,,,,,,,
1003,快艇,S_,Ship03,0,4,100,400,500,9,350,0,,0,,0,0,0,0,0,,,,,,0,0,3,18,,流線型設計，速度快。,金屬,燃燒,,,,,,
1003,快艇,S_,Ship03,1,4,120,480,,9,350,0,,0,,0,0,0,0,0,,,,,,0,0,4,18,,流線型設計，速度快。,,,,,,,,
1003,快艇,S_,Ship03,2,4,150,600,,9,350,0,,0,,0,0,0,0,0,,,,,,0,0,5,18,,流線型設計，速度快。,,,,,,,,
1003,快艇,S_,Ship03,3,4,200,800,,9,350,0,,0,,0,0,0,0,0,,,,,,0,0,6,18,,流線型設計，速度快。,,,,,,,,
1003,快艇,S_,Ship03,4,4,300,1200,,9,350,0,,0,,0,0,0,0,0,,,,,,0,0,7,18,,流線型設計，速度快。,,,,,,,,
,,,,,,,,,,,,,,,,,,,,,,,,,,,,,,,,,,,,,,
1004,氣墊船,S_,Ship04,0,4,250,50,350,5,500,0,,0,,0,0,0,0,0,,,,,,0,0,4,12,,依靠氣墊浮在水上，輕巧但容易翻覆。,可燃物,燃燒,,,,,,
1004,氣墊船,S_,Ship04,1,4,300,60,,5,500,0,,0,,0,0,0,0,0,,,,,,0,0,5,12,,依靠氣墊浮在水上，輕巧但容易翻覆。,,,,,,,,
1004,氣墊船,S_,Ship04,2,4,375,75,,5,500,0,,0,,0,0,0,0,0,,,,,,0,0,6,12,,依靠氣墊浮在水上，輕巧但容易翻覆。,,,,,,,,
1004,氣墊船,S_,Ship04,3,4,500,100,,5,500,0,,0,,0,0,0,0,0,,,,,,0,0,6,12,,依靠氣墊浮在水上，輕巧但容易翻覆。,,,,,,,,
1004,氣墊船,S_,Ship04,4,4,750,150,,5,500,0,,0,,0,0,0,0,0,,,,,,0,0,6,12,,依靠氣墊浮在水上，輕巧但容易翻覆。,,,,,,,,
,,,,,,,,,,,,,,,,,,,,,,,,,,,,,,,,,,,,,,
1005,軍艦,S_,Ship05,0,4,200,550,750,35,100,0,,0,,0,0,0,0,0,,,,,,0,0,4,70,,鐵製船體，龐大且沉重，但可裝備更多物件。,乙太合金,電磁力,,,,,,
1005,軍艦,S_,Ship05,1,4,240,660,,35,100,0,,0,,0,0,0,0,0,,,,,,0,0,5,70,,鐵製船體，龐大且沉重，但可裝備更多物件。,,,,,,,,
1005,軍艦,S_,Ship05,2,4,300,825,,35,100,0,,0,,0,0,0,0,0,,,,,,0,0,6,70,,鐵製船體，龐大且沉重，但可裝備更多物件。,,,,,,,,
1005,軍艦,S_,Ship05,3,4,400,1100,,35,100,0,,0,,0,0,0,0,0,,,,,,0,0,7,70,,鐵製船體，龐大且沉重，但可裝備更多物件。,,,,,,,,
1005,軍艦,S_,Ship05,4,4,600,1650,,35,100,0,,0,,0,0,0,0,0,,,,,,0,0,8,70,,鐵製船體，龐大且沉重，但可裝備更多物件。,,,,,,,,
,,,,,,,,,,,,,,,,,,,,,,,,,,,,,,,,,,,Level,HP提升值,ATK提升值,二合等級
2001,火炮,W_,Cannonball,0,4,280,0,280,0.5,0,100,1,100,中,35,30,7,0,5,1,,,,,0,0,0,0,,由尾端點火的舊式火砲，彈道為拋物線。,金屬,燃燒,,武器,0,,,
2001,火炮,W_,Cannonball,1,4,336,0,,0.5,0,120,,100,,35,30,7,0,5,,,,,,0,0,0,0,,由尾端點火的舊式火砲，彈道為拋物線。,,,,武器,1,1.2,1.2,1.2
2001,火炮,W_,Cannonball,2,4,420,0,,0.5,0,150,,100,,35,30,7,0,5,,,,,,0,0,0,0,,由尾端點火的舊式火砲，彈道為拋物線。,,,,武器,2,1.25,1.25,1.25
2001,火炮,W_,Cannonball,3,4,560,0,,0.5,0,200,,100,,35,30,7,0,5,,,,,,0,0,0,0,,由尾端點火的舊式火砲，彈道為拋物線。,,,,武器,3,1.333333333,1.333333333,1.2
2001,火炮,W_,Cannonball,4,4,840,0,,0.5,0,300,,100,,35,30,7,0,5,,,,,,0,0,0,0,,由尾端點火的舊式火砲，彈道為拋物線。,,,,武器,4,1.5,1.5,1.22
,,,,,,,,1.4,,,,,,,,,,,,,,,,,,,,,,,,,,,,,,
2002,床弩,W_,Arcuballista,0,4,220,0,200,0.5,0,260,1.3,50,遠,0,30,0.3,0,0.6,1,,,,,0,0,0,0,,自動發射的弓箭，直線攻擊敵人。,可燃物,物理,,特殊武器,0,,,
2002,床弩,W_,Arcuballista,1,4,264,0,,0.5,0,312,,50,,0,30,0.3,0,0.6,,,,,,0,0,0,0,,自動發射的弓箭，直線攻擊敵人。,,,,特殊武器,1,,1.2,
2002,床弩,W_,Arcuballista,2,4,330,0,,0.5,0,390,,50,,0,30,0.3,0,0.6,,,,,,0,0,0,0,,自動發射的弓箭，直線攻擊敵人。,,,,特殊武器,2,,1.25,
2002,床弩,W_,Arcuballista,3,4,440,0,,0.5,0,520,,50,,0,30,0.3,0,0.6,,,,,,0,0,0,0,,自動發射的弓箭，直線攻擊敵人。,,,,特殊武器,3,,1.333333333,
2002,床弩,W_,Arcuballista,4,4,660,0,,0.5,0,780,,50,,0,30,0.3,0,0.6,,,,,,0,0,0,0,,自動發射的弓箭，直線攻擊敵人。,,,,特殊武器,4,,1.5,
,,,,,,,,1,,,,,,,,,,,,,,,,,,,,,,,,,,,,,,
2003,魚叉槍,W_,Harpoon,0,4,335,0,336,0.75,0,215,0.65,30,遠,0,30,3,0.5,1.5,1,,拉近至近戰範圍,,我方,0,0,0,0,,向前穿刺攻擊，後方有線連接，攻擊後會往回拉扯。,可燃物,電磁力,,,,,,
2003,魚叉槍,W_,Harpoon,1,4,402,0,,0.75,0,258,,30,,0,30,3,0.5,1.5,,,,,,0,0,0,0,,向前穿刺攻擊，後方有線連接，攻擊後會往回拉扯。,,,,,,,,
2003,魚叉槍,W_,Harpoon,2,4,503,0,,0.75,0,323,,30,,0,30,3,0.5,1.5,,,,,,0,0,0,0,,向前穿刺攻擊，後方有線連接，攻擊後會往回拉扯。,,,,,,,,
2003,魚叉槍,W_,Harpoon,3,4,671,0,,0.75,0,431,,30,,0,30,3,0.5,1.5,,,,,,0,0,0,0,,向前穿刺攻擊，後方有線連接，攻擊後會往回拉扯。,,,,,,,,
2003,魚叉槍,W_,Harpoon,4,4,1007,0,,0.75,0,647,,30,,0,30,3,0.5,1.5,,,,,,0,0,0,0,,向前穿刺攻擊，後方有線連接，攻擊後會往回拉扯。,,,,,,,,
,,,,,,,,1.68,,,,,,,,,,,,,,,,,,,,,,,,,,,,,,
2004,泡泡槍,W_,Bubblegun,0,4,360,0,360,0.25,0,20,0.5,300,中,40,30,9,1,5,1,,減重 0.6kg,,敵方,-60,0,0,0,,發射泡泡，使對手船體向後傾。,金屬,乙太能量,,,,,,
2004,泡泡槍,W_,Bubblegun,1,4,432,0,,0.25,0,24,,300,,40,30,9,1,5,,,,,,60,0,0,0,,發射泡泡，使對手船體向後傾。,,,,,,,,
2004,泡泡槍,W_,Bubblegun,2,4,540,0,,0.25,0,30,,300,,40,30,9,1,5,,,,,,60,0,0,0,,發射泡泡，使對手船體向後傾。,,,,,,,,
2004,泡泡槍,W_,Bubblegun,3,4,720,0,,0.25,0,40,,300,,40,30,9,1,5,,,,,,60,0,0,0,,發射泡泡，使對手船體向後傾。,,,,,,,,
2004,泡泡槍,W_,Bubblegun,4,4,1080,0,,0.25,0,60,,300,,40,30,9,1,5,,,,,,60,0,0,0,,發射泡泡，使對手船體向後傾。,,,,,,,,
,,,,,,,,1.8,,,,,,,,,,,,,,,,,,,,,,,,,,,,,,
2005,彈弓,W_,Slingshot,0,4,360,0,360,0.25,0,70,0.5,70,中,40,30,8,0,5,1,,加重 2.5kg,,敵方,250,0,0,0,,拋投沙包，使對手船體變重。,可燃物,物理,,,,,,
2005,彈弓,W_,Slingshot,1,4,432,0,,0.25,0,84,,70,,40,30,8,0,5,,,,,,250,0,0,0,,拋投沙包，使對手船體變重。,,,,,,,,
2005,彈弓,W_,Slingshot,2,4,540,0,,0.25,0,105,,70,,40,30,8,0,5,,,,,,250,0,0,0,,拋投沙包，使對手船體變重。,,,,,,,,
2005,彈弓,W_,Slingshot,3,4,720,0,,0.25,0,140,,70,,40,30,8,0,5,,,,,,250,0,0,0,,拋投沙包，使對手船體變重。,,,,,,,,
2005,彈弓,W_,Slingshot,4,4,1080,0,,0.25,0,210,,70,,40,30,8,0,5,,,,,,250,0,0,0,,拋投沙包，使對手船體變重。,,,,,,,,
,,,,,,,,1.8,,,,,,,,,,,,,,,,,,,,,,,,,,,,,,
2006,機槍塔,W_,Machinegun,0,4,400,0,400,0.5,0,24,1.2,500,近,15,30,9,0,5,1,,,,,0,0,0,0,,威力較小但可連續發射。,金屬,電磁力,,,,,,
2006,機槍塔,W_,Machinegun,1,4,480,0,,0.5,0,29,,500,,15,30,9,0,5,,,,,,0,0,0,0,,威力較小但可連續發射。,,,,,,,,
2006,機槍塔,W_,Machinegun,2,4,600,0,,0.5,0,36,,500,,15,30,9,0,5,,,,,,0,0,0,0,,威力較小但可連續發射。,,,,,,,,
2006,機槍塔,W_,Machinegun,3,4,800,0,,0.5,0,48,,500,,15,30,9,0,5,,,,,,0,0,0,0,,威力較小但可連續發射。,,,,,,,,
2006,機槍塔,W_,Machinegun,4,4,1200,0,,0.5,0,72,,500,,15,30,9,0,5,,,,,,0,0,0,0,,威力較小但可連續發射。,,,,,,,,
,,,,,,,,2,,,,,,,,,,,,,,,,,,,,,,,,,,,,,,
2007,魚雷,W_,Torpedo,0,4,315,0,312,0.75,0,180,0.6,33,遠,-45,45,0,0,5,1,,70°~20°,,敵方,0,0,0,0,,安裝在船底，於水下發動攻擊。,金屬,燃燒,,,,,,
2007,魚雷,W_,Torpedo,1,4,378,0,,0.75,0,216,,33,,-1,45,0,0,5,,,,,,0,0,0,0,,安裝在船底，於水下發動攻擊。,,,,,,,,
2007,魚雷,W_,Torpedo,2,4,473,0,,0.75,0,270,,33,,-1,45,0,0,5,,,,,,0,0,0,0,,安裝在船底，於水下發動攻擊。,,,,,,,,
2007,魚雷,W_,Torpedo,3,4,631,0,,0.75,0,360,,33,,-1,45,0,0,5,,,,,,0,0,0,0,,安裝在船底，於水下發動攻擊。,,,,,,,,
2007,魚雷,W_,Torpedo,4,4,947,0,,0.75,0,540,,33,,-1,45,0,0,5,,,,,,0,0,0,0,,安裝在船底，於水下發動攻擊。,,,,,,,,
,,,,,,,,1.56,,,,,,,,,,,,,,,,,,,,,,,,,,,,,,
2008,艦砲,W_,Navalgun,0,4,240,0,240,0.75,0,240,1.2,50,遠,50,30,6,0,5,1,,,,,0,0,0,0,,砲管對空發射、採高拋物線攻擊。,金屬,燃燒,,,,,,
2008,艦砲,W_,Navalgun,1,4,288,0,,0.75,0,288,,50,,50,30,6,0,5,,,,,,0,0,0,0,,砲管對空發射、採高拋物線攻擊。,,,,,,,,
2008,艦砲,W_,Navalgun,2,4,360,0,,0.75,0,360,,50,,50,30,6,0,5,,,,,,0,0,0,0,,砲管對空發射、採高拋物線攻擊。,,,,,,,,
2008,艦砲,W_,Navalgun,3,4,480,0,,0.75,0,480,,50,,50,30,6,0,5,,,,,,0,0,0,0,,砲管對空發射、採高拋物線攻擊。,,,,,,,,
2008,艦砲,W_,Navalgun,4,4,720,0,,0.75,0,720,,50,,50,30,6,0,5,,,,,,0,0,0,0,,砲管對空發射、採高拋物線攻擊。,,,,,,,,
,,,,,,,,1.2,,,,,,,,,,,,,,,,,,,,,,,,,,,,,,
2009,電鋸,W_,Chainsaw,0,4,640,0,696,0.75,0,60,4,600,近,0,0,0,0,5,1,,,,,0,0,0,0,,攻擊距離短但能持續造成大量傷害。,金屬,電磁力,,,,,,
2009,電鋸,W_,Chainsaw,1,4,768,0,,0.75,0,72,,600,,0,0,0,0,5,,,,,,0,0,0,0,,攻擊距離短但能持續造成大量傷害。,,,,,,,,
2009,電鋸,W_,Chainsaw,2,4,960,0,,0.75,0,90,,600,,0,0,0,0,5,,,,,,0,0,0,0,,攻擊距離短但能持續造成大量傷害。,,,,,,,,
2009,電鋸,W_,Chainsaw,3,4,1280,0,,0.75,0,120,,600,,0,0,0,0,5,,,,,,0,0,0,0,,攻擊距離短但能持續造成大量傷害。,,,,,,,,
2009,電鋸,W_,Chainsaw,4,4,1920,0,,0.75,0,180,,600,,0,0,0,0,5,,,,,,0,0,0,0,,攻擊距離短但能持續造成大量傷害。,,,,,,,,
,,,,,,,,3.48,,,,,,,,,,,,,,,,,,,,,,,,,,,,,,
2010,天火,W_,Railgun,0,4,300,0,300,1,0,370,1.3,35,遠,80,145,45,0,5,1,,,,,0,0,0,0,,朝向天空續力後發射電漿砲，宛如天空的火焰自天上墜落，傷害極高。,乙太合金,電磁力,,,,,,
2010,天火,W_,Railgun,1,4,360,0,,1,0,444,,35,,80,150,45,0,5,,,,,,0,0,0,0,,,,,,,,,,
2010,天火,W_,Railgun,2,4,450,0,,1,0,555,,35,,80,150,45,0,5,,,,,,0,0,0,0,,,,,,,,,,
2010,天火,W_,Railgun,3,4,600,0,,1,0,740,,35,,80,150,45,0,5,,,,,,0,0,0,0,,,,,,,,,,
2010,天火,W_,Railgun,4,4,900,0,,1,0,1110,,35,,80,150,45,0,5,,,,,,0,0,0,0,,,,,,,,,,
,,,,,,,,1.5,,,,,,,,,,,,,,,,,,,,,,,,,,,,,,
2011,青蛙砲,W_,Frogcannon,0,4,500,0,500,0.2,0,78,,100,,70,100,16,1.6,5,,,,,,60,0,0,0,,朝向天空發射，隨後下起青蛙雨，使船體變重。,,,,,,,,
2011,青蛙砲,W_,Frogcannon,1,4,625,0,,0.2,0,93.6,,100,,70,100,16,1.6,5,,,,,,60,0,0,0,,,,,,,,,,
2011,青蛙砲,W_,Frogcannon,2,4,875,0,,0.2,0,117,,100,,70,100,16,1.6,5,,,,,,60,0,0,0,,,,,,,,,,
2011,青蛙砲,W_,Frogcannon,3,4,1250,0,,0.2,0,156,,100,,70,100,16,1.6,5,,,,,,60,0,0,0,,,,,,,,,,
2011,青蛙砲,W_,Frogcannon,4,4,2125,0,,0.2,0,234,,100,,70,100,16,1.6,5,,,,,,60,0,0,0,,,,,,,,,,
,,,,,,,,,,,,,,,,,,,,,,,,,,,,,,,,,,,,,,
2012,爪子,W_,Claw,0,4,300,0,300,0.2,0,300,,20,,60,40,12,0.5,2,,,,,,0,0,0,0,,向前拋出，抓到後往回拉扯。沒有夾到卻鬆開的問題,,,,,,,,
2012,爪子,W_,Claw,1,4,375,0,,0.2,0,360,,20,,60,40,12,0.5,2,,,,,,0,0,0,0,,,,,,,,,,
2012,爪子,W_,Claw,2,4,525,0,,0.2,0,450,,20,,60,40,12,0.5,2,,,,,,0,0,0,0,,,,,,,,,,
2012,爪子,W_,Claw,3,4,750,0,,0.2,0,600,,20,,60,40,12,0.5,2,,,,,,0,0,0,0,,,,,,,,,,
2012,爪子,W_,Claw,4,4,1275,0,,0.2,0,900,,20,,60,40,12,0.5,2,,,,,,0,0,0,0,,,,,,,,,,
,,,,,,,,,,,,,,,,,,,,,,,,,,,,,,,,,,,,,,
2013,雷射,W_,Laser,0,4,300,0,300,1,0,100,1.3,30,遠,0,60,0,0,1,5,,,,,0,0,0,0,,需要充能一段時間後才能攻擊，攻擊距離短，但傷害很高,乙太合金,電磁力,,,,,,
2013,雷射,W_,Laser,1,4,360,0,,1,0,120,,30,,0,60,0,0,1,,,,,,0,0,0,0,,,,,,,,,,
2013,雷射,W_,Laser,2,4,450,0,,1,0,150,,30,,0,60,0,0,1,,,,,,0,0,0,0,,,,,,,,,,
2013,雷射,W_,Laser,3,4,600,0,,1,0,200,,30,,0,60,0,0,1,,,,,,0,0,0,0,,,,,,,,,,
2013,雷射,W_,Laser,4,4,900,0,,1,0,300,,30,,0,60,0,0,1,,,,,,0,0,0,0,,,,,,,,,,
,,,,,,,,1.5,,,,,,,,,,,,,,,,,,,,,,,,,,,,,,
2014,大槌,W_,Hammer,0,4,500,0,500,0.2,0,258,,70,,0,0,0,0,5,,,,,,0,-3500,0,0,,重重的向下揮出，將船砸向地心,,,,,,,,
2014,大槌,W_,Hammer,1,4,625,0,,0.2,0,309.6,,70,,0,0,0,0,5,,,,,,0,-3500,0,0,,,,,,,,,,
2014,大槌,W_,Hammer,2,4,875,0,,0.2,0,387,,70,,0,0,0,0,5,,,,,,0,-3500,0,0,,,,,,,,,,
2014,大槌,W_,Hammer,3,4,1250,0,,0.2,0,516,,70,,0,0,0,0,5,,,,,,0,-3500,0,0,,,,,,,,,,
2014,大槌,W_,Hammer,4,4,2125,0,,0.2,0,774,,70,,0,0,0,0,5,,,,,,0,-3500,0,0,,,,,,,,,,
,,,,,,,,,,,,,,,,,,,,,,,,,,,,,,,,,,,,,,
2015,三叉戟,W_,Trident,0,4,580,0,580,0.5,0,30,4,200,近,0,0,0,0,0.5,1,,＋ 80% ATK / 1m <= 900% ATK,,,0,0,0,0,,沒有花里胡哨的魔法，酷炫的海浪特效，只是不斷地向上戳。海神就是這麼單純。,乙太合金,乙太能量,,,,,,
2015,三叉戟,W_,Trident,1,4,696,0,,0.5,0,36,,200,,0,0,0,0,5,,,,,,0,0,0,0,,,,,,,,,,
2015,三叉戟,W_,Trident,2,4,870,0,,0.5,0,45,,200,,0,0,0,0,5,,,,,,0,0,0,0,,,,,,,,,,
2015,三叉戟,W_,Trident,3,4,1160,0,,0.5,0,60,,200,,0,0,0,0,5,,,,,,0,0,0,0,,,,,,,,,,
2015,三叉戟,W_,Trident,4,4,1740,0,,0.5,0,90,,200,,0,0,0,0,5,,,,,,0,0,0,0,,,,,,,,,,
,,,,,,,,2.9,,,,,,,,,,,,,,,,,,,,,,,,,,,,,,
2016,霰彈槍,W_,Shotgun,0,4,400,0,400,0.5,0,70,1.4,65,近,0,30,0,0,0.4,1,,一次攻擊 5顆子彈,,,0,0,0,0,,,金屬,燃燒,,,,,,
2016,霰彈槍,W_,Shotgun,1,4,480,0,,0.5,0,84,,65,,0,30,0,0,0.3,,,,,,0,0,0,0,,,,,,,,,,
2016,霰彈槍,W_,Shotgun,2,4,600,0,,0.5,0,105,,65,,0,30,0,0,0.3,,,,,,0,0,0,0,,,,,,,,,,
2016,霰彈槍,W_,Shotgun,3,4,800,0,,0.5,0,140,,65,,0,30,0,0,0.3,,,,,,0,0,0,0,,,,,,,,,,
2016,霰彈槍,W_,Shotgun,4,4,1200,0,,0.5,0,210,,65,,0,30,0,0,0.3,,,,,,0,0,0,0,,,,,,,,,,
,,,,,,,,2,,,,,,,,,,,,,,,,,,,,,,,,,,,,,,
2017,海賊彎刀,W_,Cutlass,0,4,520,0,464,0.25,0,170,4,100,近,0,0,0,0,0.5,3,,,3m內觸發攻擊,,0,0,0,0,,,金屬,物理,,,,,,
2017,海賊彎刀,W_,Cutlass,1,4,624,0,,0.25,0,204,,100,,0,0,0,0,0,,,,,,0,0,0,0,,,,,,,,,,
2017,海賊彎刀,W_,Cutlass,2,4,780,0,,0.25,0,255,,100,,0,0,0,0,0,,,,,,0,0,0,0,,,,,,,,,,
2017,海賊彎刀,W_,Cutlass,3,4,1040,0,,0.25,0,340,,100,,0,0,0,0,0,,,,,,0,0,0,0,,,,,,,,,,
2017,海賊彎刀,W_,Cutlass,4,4,1560,0,,0.25,0,510,,100,,0,0,0,0,0,,,,,,0,0,0,0,,,,,,,,,,
,,,,,,,,2.32,,,,,,,,,,,,,,,,,,,,,,,,,,,,,,
2018,水雷,W_,Naval_mine,0,4,480,0,480,0.75,0,40,1.2,70,近,45,20,5,1,3,1,,＋ 80% ATK / 0.2s <= 900% ATK,,,0,0,0,0,,,乙太合金,燃燒,,,,,,
2018,水雷,W_,Naval_mine,1,4,576,0,,0.75,0,48,,70,,45,20,5,1,3,,,,,,0,0,0,0,,,,,,,,,,
2018,水雷,W_,Naval_mine,2,4,720,0,,0.75,0,60,,70,,45,20,5,1,3,,,,,,0,0,0,0,,,,,,,,,,
2018,水雷,W_,Naval_mine,3,4,960,0,,0.75,0,80,,70,,45,20,5,1,3,,,,,,0,0,0,0,,,,,,,,,,
2018,水雷,W_,Naval_mine,4,4,1440,0,,0.75,0,120,,70,,45,20,5,1,3,,,,,,0,0,0,0,,,,,,,,,,
,,,,,,,,2.4,,,,,,,,,,,,,,,,,,,,,,,,,,,,,,
2019,火焰噴射器,W_,Flamethrower,0,4,580,0,600,1,0,90,1.4,75,近,0,10,0,0,0.7,3,,50%攻擊力的燃燒傷害,,敵方,0,0,0,0,,,金屬,燃燒,,,,,,
2019,火焰噴射器,W_,Flamethrower,1,4,696,0,,1,0,108,,75,,0,10,0,0,0.45,,,,,,0,0,0,0,,,,,,,,,,
2019,火焰噴射器,W_,Flamethrower,2,4,870,0,,1,0,135,,75,,0,10,0,0,0.45,,,,,,0,0,0,0,,,,,,,,,,
2019,火焰噴射器,W_,Flamethrower,3,4,1160,0,,1,0,180,,75,,0,10,0,0,0.45,,,,,,0,0,0,0,,,,,,,,,,
2019,火焰噴射器,W_,Flamethrower,4,4,1740,0,,1,0,270,,75,,0,10,0,0,0.45,,,,,,0,0,0,0,,,,,,,,,,
,,,,,,,,3,,,,,,,,,,,,,,,,,,,,,,,,,,,,,,
3001,船帆,P_,Sail,0,4,500,0,500,0.2,200,0,,0,,0,0,0,0,0,,,,,,0,0,0,0,,巨大船帆，借助風的力量提供船加速航行。,,,,,,,,
3001,船帆,P_,Sail,1,4,625,0,,0.2,240,0,,0,,0,0,0,0,0,,,,,,0,0,0,0,,巨大船帆，借助風的力量提供船加速航行。,,,,,,,,
3001,船帆,P_,Sail,2,4,875,0,,0.2,320,0,,0,,0,0,0,0,0,,,,,,0,0,0,0,,巨大船帆，借助風的力量提供船加速航行。,,,,,,,,
3001,船帆,P_,Sail,3,4,1250,0,,0.2,500,0,,0,,0,0,0,0,0,,,,,,0,0,0,0,,巨大船帆，借助風的力量提供船加速航行。,,,,,,,,
3001,船帆,P_,Sail,4,4,2125,0,,0.2,800,0,,0,,0,0,0,0,0,,,,,,0,0,0,0,,巨大船帆，借助風的力量提供船加速航行。,,,,,,,,
,,,,,,,,,,,,,,,,,,,,,,,,,,,,,,,,,,,,,,
3002,人力獎,P_,Paddle,0,4,400,0,400,0.2,100,0,,0,,0,0,0,0,0,,,,,,0,0,0,0,,由船艙底的奴隸驅動，速度稍慢。,,,,,,,,
3002,人力獎,P_,Paddle,1,4,500,0,,0.2,120,0,,0,,0,0,0,0,0,,,,,,0,0,0,0,,由船艙底的奴隸驅動，速度稍慢。,,,,,,,,
3002,人力獎,P_,Paddle,2,4,700,0,,0.2,160,0,,0,,0,0,0,0,0,,,,,,0,0,0,0,,由船艙底的奴隸驅動，速度稍慢。,,,,,,,,
3002,人力獎,P_,Paddle,3,4,1000,0,,0.2,250,0,,0,,0,0,0,0,0,,,,,,0,0,0,0,,由船艙底的奴隸驅動，速度稍慢。,,,,,,,,
3002,人力獎,P_,Paddle,4,4,1700,0,,0.2,400,0,,0,,0,0,0,0,0,,,,,,0,0,0,0,,由船艙底的奴隸驅動，速度稍慢。,,,,,,,,
,,,,,,,,,,,,,,,,,,,,,,,,,,,,,,,,,,,,,,
3003,側輪,P_,Wheel,0,4,400,0,400,0.2,100,0,,0,,0,0,0,0,0,,,,,,0,0,0,0,,用蒸汽推動的大型水車，掛在船體側邊。,,,,,,,,
3003,側輪,P_,Wheel,1,4,500,0,,0.2,120,0,,0,,0,0,0,0,0,,,,,,0,0,0,0,,用蒸汽推動的大型水車，掛在船體側邊。,,,,,,,,
3003,側輪,P_,Wheel,2,4,700,0,,0.2,160,0,,0,,0,0,0,0,0,,,,,,0,0,0,0,,用蒸汽推動的大型水車，掛在船體側邊。,,,,,,,,
3003,側輪,P_,Wheel,3,4,1000,0,,0.2,250,0,,0,,0,0,0,0,0,,,,,,0,0,0,0,,用蒸汽推動的大型水車，掛在船體側邊。,,,,,,,,
3003,側輪,P_,Wheel,4,4,1700,0,,0.2,400,0,,0,,0,0,0,0,0,,,,,,0,0,0,0,,用蒸汽推動的大型水車，掛在船體側邊。,,,,,,,,
,,,,,,,,,,,,,,,,,,,,,,,,,,,,,,,,,,,,,,
3004,渦輪,P_,Turbine,0,4,200,0,200,0.2,100,0,,0,,0,0,0,0,0,,,,,,0,0,0,0,,噴水推進，速度快但容易損毀。,,,,,,,,
3004,渦輪,P_,Turbine,1,4,250,0,,0.2,120,0,,0,,0,0,0,0,0,,,,,,0,0,0,0,,噴水推進，速度快但容易損毀。,,,,,,,,
3004,渦輪,P_,Turbine,2,4,350,0,,0.2,160,0,,0,,0,0,0,0,0,,,,,,0,0,0,0,,噴水推進，速度快但容易損毀。,,,,,,,,
3004,渦輪,P_,Turbine,3,4,500,0,,0.2,250,0,,0,,0,0,0,0,0,,,,,,0,0,0,0,,噴水推進，速度快但容易損毀。,,,,,,,,
3004,渦輪,P_,Turbine,4,4,850,0,,0.2,400,0,,0,,0,0,0,0,0,,,,,,0,0,0,0,,噴水推進，速度快但容易損毀。,,,,,,,,
,,,,,,,,,,,,,,,,,,,,,,,,,,,,,,,,,,,,,,
3005,風扇,P_,Fan,0,4,400,0,400,0.2,100,0,,0,,0,0,0,0,0,,,,,,0,0,0,0,,大型風扇。,,,,,,,,
3005,風扇,P_,Fan,1,4,500,0,,0.2,120,0,,0,,0,0,0,0,0,,,,,,0,0,0,0,,大型風扇。,,,,,,,,
3005,風扇,P_,Fan,2,4,700,0,,0.2,160,0,,0,,0,0,0,0,0,,,,,,0,0,0,0,,大型風扇。,,,,,,,,
3005,風扇,P_,Fan,3,4,1000,0,,0.2,250,0,,0,,0,0,0,0,0,,,,,,0,0,0,0,,大型風扇。,,,,,,,,
3005,風扇,P_,Fan,4,4,1700,0,,0.2,400,0,,0,,0,0,0,0,0,,,,,,0,0,0,0,,大型風扇。,,,,,,,,
,,,,,,,,,,,,,,,,,,,,,,,,,,,,,,,,,,,,,,
3006,螺旋獎,P_,Propeller,0,4,200,0,200,0.2,100,0,,0,,0,0,0,0,0,,,,,,0,0,0,0,,製造水流推進船體，提升很多速度。,,,,,,,,
3006,螺旋獎,P_,Propeller,1,4,250,0,,0.2,120,0,,0,,0,0,0,0,0,,,,,,0,0,0,0,,製造水流推進船體，提升很多速度。,,,,,,,,
3006,螺旋獎,P_,Propeller,2,4,350,0,,0.2,160,0,,0,,0,0,0,0,0,,,,,,0,0,0,0,,製造水流推進船體，提升很多速度。,,,,,,,,
3006,螺旋獎,P_,Propeller,3,4,500,0,,0.2,250,0,,0,,0,0,0,0,0,,,,,,0,0,0,0,,製造水流推進船體，提升很多速度。,,,,,,,,
3006,螺旋獎,P_,Propeller,4,4,850,0,,0.2,400,0,,0,,0,0,0,0,0,,,,,,0,0,0,0,,製造水流推進船體，提升很多速度。,,,,,,,,
,,,,,,,,,,,,,,,,,,,,,,,,,,,,,,,,,,,Level,HP提升值,SP提升值,二合提升值
4001,貨物,E_,Box,0,4,350,350,702,0.5,0,0,,0,,0,0,0,0,0,0,,,,,0,0,0,0,,堆疊在甲板的貨物，方便用來配重。,可燃物,物理,,裝備,0,,,
4001,貨物,E_,Box,1,4,420,420,840,0.5,0,0,,0,,0,0,0,0,0,,,,,,0,0,0,0,,堆疊在甲板的貨物，方便用來配重。,,,,裝備,1,1.2,1.2,1.2
4001,貨物,E_,Box,2,4,525,525,1050,0.5,0,0,,0,,0,0,0,0,0,,,,,,0,0,0,0,,堆疊在甲板的貨物，方便用來配重。,,,,裝備,2,1.25,1.25,1.25
4001,貨物,E_,Box,3,4,700,700,1400,0.5,0,0,,0,,0,0,0,0,0,,,,,,0,0,0,0,,堆疊在甲板的貨物，方便用來配重。,,,,裝備,3,1.333333333,1.333333333,1.2
4001,貨物,E_,Box,4,4,1050,1050,2100,0.5,0,0,,0,,0,0,0,0,0,,,,,,0,0,0,0,,堆疊在甲板的貨物，方便用來配重。,,,,裝備,4,1.5,1.5,1.22
,,,,,,,,2.34,,,,,,,,,,,,,,,,,,,,,,,,,,,,,,
4002,釣竿,E_,Fishingrod,0,4,130,380,510,0.5,0,0,,25,中,50,33,6.5,0,2,1,,-85° / -10°,,敵方,0,0,0,0,,勾住對手船體，也許也可以釣到傳說中的白鯨。,金屬,物理,,,,,,
4002,釣竿,E_,Fishingrod,1,4,156,456,612,0.5,0,0,,25,,50,30,6.5,0,3,,,,,,0,0,0,0,,勾住對手船體，也許也可以釣到傳說中的白鯨。,,,,,,,,
4002,釣竿,E_,Fishingrod,2,4,195,570,765,0.5,0,0,,25,,50,30,6.5,0,3,,,,,,0,0,0,0,,勾住對手船體，也許也可以釣到傳說中的白鯨。,,,,,,,,
4002,釣竿,E_,Fishingrod,3,4,260,760,1020,0.5,0,0,,25,,50,30,6.5,0,3,,,,,,0,0,0,0,,勾住對手船體，也許也可以釣到傳說中的白鯨。,,,,,,,,
4002,釣竿,E_,Fishingrod,4,4,390,1140,1530,0.5,0,0,,25,,50,30,6.5,0,3,,,,,,0,0,0,0,,勾住對手船體，也許也可以釣到傳說中的白鯨。,,,,,,,,
,,,,,,,,1.7,,,,,,,,,,,,,,,,,,,,,,,,,,,,,,
4003,煙囪,E_,Chimney,0,4,400,800,1200,0.2,0,0,,0,,0,0,0,0,0,,,,,,0,0,0,0,,冒著爭氣的煙囪，提供防禦及微量加速度。,,,,,,,,
4003,煙囪,E_,Chimney,1,4,480,960,,0.2,0,0,,0,,0,0,0,0,0,,,,,,0,0,0,0,,冒著爭氣的煙囪，提供防禦及微量加速度。,,,,,,,,
4003,煙囪,E_,Chimney,2,4,600,1200,,0.2,0,0,,0,,0,0,0,0,0,,,,,,0,0,0,0,,冒著爭氣的煙囪，提供防禦及微量加速度。,,,,,,,,
4003,煙囪,E_,Chimney,3,4,800,1600,,0.2,0,0,,0,,0,0,0,0,0,,,,,,0,0,0,0,,冒著爭氣的煙囪，提供防禦及微量加速度。,,,,,,,,
4003,煙囪,E_,Chimney,4,4,1200,2400,,0.2,0,0,,0,,0,0,0,0,0,,,,,,0,0,0,0,,冒著爭氣的煙囪，提供防禦及微量加速度。,,,,,,,,
,,,,,,,,,,,,,,,,,,,,,,,,,,,,,,,,,,,,,,
4004,氣球,E_,Balloon,0,4,650,50,702,-0.5,0,0,,0,,0,0,0,0,0,0,,,,,0,0,0,0,,使船體變輕。,可燃物,物理,,,,,,
4004,氣球,E_,Balloon,1,4,780,60,840,-0.5,0,0,,0,,0,0,0,0,0,,,,,,0,0,0,0,,使船體變輕。,,,,,,,,
4004,氣球,E_,Balloon,2,4,975,75,1050,-0.5,0,0,,0,,0,0,0,0,0,,,,,,0,0,0,0,,使船體變輕。,,,,,,,,
4004,氣球,E_,Balloon,3,4,1300,100,1400,-0.5,0,0,,0,,0,0,0,0,0,,,,,,0,0,0,0,,使船體變輕。,,,,,,,,
4004,氣球,E_,Balloon,4,4,1950,150,2100,-0.5,0,0,,0,,0,0,0,0,0,,,,,,0,0,0,0,,使船體變輕。,,,,,,,,
,,,,,,,,2.34,,,,,,,,,,,,,,,,,,,,,,,,,,,,,,
4005,充氣救生圈,E_,Lifebuoy,0,4,550,150,702,0.5,0,0,,40,,0,0,0,0,5,0,5,每秒減重 2.6kg ,,我方,0,0,0,0,,用來拯救落難的船員。,可燃物,物理,,,,,,
4005,充氣救生圈,E_,Lifebuoy,1,4,660,180,840,0.5,0,0,,40,,0,0,0,0,0,,,,,,0,0,0,0,,用來拯救落難的船員。,,,,,,,,
4005,充氣救生圈,E_,Lifebuoy,2,4,825,225,1050,0.5,0,0,,40,,0,0,0,0,0,,,,,,0,0,0,0,,用來拯救落難的船員。,,,,,,,,
4005,充氣救生圈,E_,Lifebuoy,3,4,1100,300,1400,0.5,0,0,,40,,0,0,0,0,0,,,,,,0,0,0,0,,用來拯救落難的船員。,,,,,,,,
4005,充氣救生圈,E_,Lifebuoy,4,4,1650,450,2100,0.5,0,0,,40,,0,0,0,0,0,,,,,,0,0,0,0,,用來拯救落難的船員。,,,,,,,,
,,,,,,,,2.34,,,,,,,,,,,,,,,,,,,,,,,,,,,,,,
4006,雷達,E_,Radar,0,4,200,1000,1200,0.2,0,0,,0,,0,0,0,0,0,,,,,,0,0,0,0,,偵測敵人來襲。,,,,,,,,
4006,雷達,E_,Radar,1,4,240,1200,,0.2,0,0,,0,,0,0,0,0,0,,,,,,0,0,0,0,,偵測敵人來襲。,,,,,,,,
4006,雷達,E_,Radar,2,4,300,1500,,0.2,0,0,,0,,0,0,0,0,0,,,,,,0,0,0,0,,偵測敵人來襲。,,,,,,,,
4006,雷達,E_,Radar,3,4,400,2000,,0.2,0,0,,0,,0,0,0,0,0,,,,,,0,0,0,0,,偵測敵人來襲。,,,,,,,,
4006,雷達,E_,Radar,4,4,600,3000,,0.2,0,0,,0,,0,0,0,0,0,,,,,,0,0,0,0,,偵測敵人來襲。,,,,,,,,
,,,,,,,,,,,,,,,,,,,,,,,,,,,,,,,,,,,,,,
4007,盾牌,E_,Shield,0,4,200,500,700,0.2,0,0,,0,,0,0,0,0,0,,,,,,0,0,0,0,,反彈敵人的卑鄙鉤子,,,,,,,,
4007,盾牌,E_,Shield,1,4,240,600,,0.2,0,0,,0,,0,0,0,0,0,,,,,,0,0,0,0,,反彈敵人的卑鄙鉤子,,,,,,,,
4007,盾牌,E_,Shield,2,4,300,750,,0.2,0,0,,0,,0,0,0,0,0,,,,,,0,0,0,0,,反彈敵人的卑鄙鉤子,,,,,,,,
4007,盾牌,E_,Shield,3,4,400,1000,,0.2,0,0,,0,,0,0,0,0,0,,,,,,0,0,0,0,,反彈敵人的卑鄙鉤子,,,,,,,,
4007,盾牌,E_,Shield,4,4,600,1500,,0.2,0,0,,0,,0,0,0,0,0,,,,,,0,0,0,0,,反彈敵人的卑鄙鉤子,,,,,,,,
,,,,,,,,,,,,,,,,,,,,,,,,,,,,,,,,,,,,,,
4008,彈簧,E_,Spring,0,4,350,830,1188,0.75,0,0,,130,近,0,0,0,0,0.3,1,,擊退 10m,3m內,敵方,0,0,0,0,,能夠擊退任何想要靠近的東西。,金屬,物理,,,,,,
4008,彈簧,E_,Spring,1,4,420,996,1416,0.75,0,0,,130,,0,0,0,0,0,,,,,,0,0,0,0,,能夠擊退任何想要靠近的東西。,,,,,,,,
4008,彈簧,E_,Spring,2,4,525,1245,1770,0.75,0,0,,130,,0,0,0,0,0,,,,,,0,0,0,0,,能夠擊退任何想要靠近的東西。,,,,,,,,
4008,彈簧,E_,Spring,3,4,700,1660,2360,0.75,0,0,,130,,0,0,0,0,0,,,,,,0,0,0,0,,能夠擊退任何想要靠近的東西。,,,,,,,,
4008,彈簧,E_,Spring,4,4,1050,2490,3540,0.75,0,0,,130,,0,0,0,0,0,,,,,,0,0,0,0,,能夠擊退任何想要靠近的東西。,,,,,,,,
,,,,,,,,3.96,,,,,,,,,,,,,,,,,,,,,,,,,,,,,,
4009,土豆砲,E_,Potatocannon,0,4,100,600,700,0.2,0,0,,50,,20,40,10,0,5,,,,,,0,0,0,0,,向前方射出可以擊退任何東西的土豆。,,,,,,,,
4009,土豆砲,E_,Potatocannon,1,4,120,720,,0.2,0,0,,50,,20,40,10,0,5,,,,,,0,0,0,0,,,,,,,,,,
4009,土豆砲,E_,Potatocannon,2,4,150,900,,0.2,0,0,,50,,20,40,10,0,5,,,,,,0,0,0,0,,,,,,,,,,
4009,土豆砲,E_,Potatocannon,3,4,200,1200,,0.2,0,0,,50,,20,40,10,0,5,,,,,,0,0,0,0,,,,,,,,,,
4009,土豆砲,E_,Potatocannon,4,4,300,1800,,0.2,0,0,,50,,20,40,10,0,5,,,,,,0,0,0,0,,,,,,,,,,
,,,,,,,,,,,,,,,,,,,,,,,,,,,,,,,,,,,,,,
4010,噴霧,E_,Spray,0,4,400,300,700,0.2,0,0,,150,,0,20,0,0,0.25,,,,,,0,1550,0,0,,被噴到總是會不自覺地向後仰，對不乾淨的東西有奇效。,,,,,,,,
4010,噴霧,E_,Spray,1,4,480,360,,0.2,0,0,,150,,0,20,0,0,0.25,,,,,,0,1550,0,0,,,,,,,,,,
4010,噴霧,E_,Spray,2,4,600,450,,0.2,0,0,,150,,0,20,0,0,0.25,,,,,,0,1550,0,0,,,,,,,,,,
4010,噴霧,E_,Spray,3,4,800,600,,0.2,0,0,,150,,0,20,0,0,0.25,,,,,,0,1550,0,0,,,,,,,,,,
4010,噴霧,E_,Spray,4,4,1200,900,,0.2,0,0,,150,,0,20,0,0,0.25,,,,,,0,1550,0,0,,,,,,,,,,
,,,,,,,,,,,,,,,,,,,,,,,,,,,,,,,,,,,,,,
4011,壓載水艙,E_,Ballast_tank,0,4,220,430,648,0.75,0,0,,35,,0,0,0,0,5,0,5,每秒加重 3kg ,,我方,0,0,0,0,,,乙太合金,電磁力,,,,,,
4011,壓載水艙,E_,Ballast_tank,1,4,264,516,780,0.75,0,0,,35,,0,0,0,0,0,,,,,,0,0,0,0,,,,,,,,,,
4011,壓載水艙,E_,Ballast_tank,2,4,330,645,975,0.75,0,0,,35,,0,0,0,0,0,,,,,,0,0,0,0,,,,,,,,,,
4011,壓載水艙,E_,Ballast_tank,3,4,440,860,1300,0.75,0,0,,35,,0,0,0,0,0,,,,,,0,0,0,0,,,,,,,,,,
4011,壓載水艙,E_,Ballast_tank,4,4,660,1290,1950,0.75,0,0,,35,,0,0,0,0,0,,,,,,0,0,0,0,,,,,,,,,,
,,,,,,,,2.16,,,,,,,,,,,,,,,,,,,,,,,,,,,,,,
4012,減搖鰭,E_,Stabilizer,0,4,300,510,810,1,0,0,,30,,0,0,0,0,5,0,5,減少受傾斜影響 50%,,我方,0,0,0,0,,,乙太合金,電磁力,,,,,,
4012,減搖鰭,E_,Stabilizer,1,4,360,612,972,1,0,0,,30,,0,0,0,0,0,,,,,,0,0,0,0,,,,,,,,,,
4012,減搖鰭,E_,Stabilizer,2,4,450,765,1215,1,0,0,,30,,0,0,0,0,0,,,,,,0,0,0,0,,,,,,,,,,
4012,減搖鰭,E_,Stabilizer,3,4,600,1020,1620,1,0,0,,30,,0,0,0,0,0,,,,,,0,0,0,0,,,,,,,,,,
4012,減搖鰭,E_,Stabilizer,4,4,900,1530,2430,1,0,0,,30,,0,0,0,0,0,,,,,,0,0,0,0,,,,,,,,,,
,,,,,,,,2.7,,,,,,,,,,,,,,,,,,,,,,,,,,,,,,
4013,反向推進器,E_,Reverse_engine,0,4,60,230,288,0.25,0,0,,80,,0,0,0,0,2.75,0,,後退 3m,2.75秒後,我方,0,0,0,0,,,乙太合金,燃燒,,,,,,
4013,反向推進器,E_,Reverse_engine,1,4,72,276,348,0.25,0,0,,80,,0,0,0,0,0,,,,,,0,0,0,0,,,,,,,,,,
4013,反向推進器,E_,Reverse_engine,2,4,90,345,435,0.25,0,0,,80,,0,0,0,0,0,,,,,,0,0,0,0,,,,,,,,,,
4013,反向推進器,E_,Reverse_engine,3,4,120,460,580,0.25,0,0,,80,,0,0,0,0,0,,,,,,0,0,0,0,,,,,,,,,,
4013,反向推進器,E_,Reverse_engine,4,4,180,690,870,0.25,0,0,,80,,0,0,0,0,0,,,,,,0,0,0,0,,,,,,,,,,
,,,,,,,,0.96,,,,,,,,,,,,,,,,,,,,,,,,,,,,,,
4014,烏鴉吊橋,E_,Corvus,0,4,430,380,810,1,0,0,,100,中,40,100,60,0.5,4,1,4,鎖定距離 4秒,7m內,雙方,0,0,0,0,,,可燃物,物理,,,,,,
4014,烏鴉吊橋,E_,Corvus,1,4,516,456,972,1,0,0,,100,,0,0,0,0,0,,,,,,0,0,0,0,,,,,,,,,,
4014,烏鴉吊橋,E_,Corvus,2,4,645,570,1215,1,0,0,,100,,0,0,0,0,0,,,,,,0,0,0,0,,,,,,,,,,
4014,烏鴉吊橋,E_,Corvus,3,4,860,760,1620,1,0,0,,100,,0,0,0,0,0,,,,,,0,0,0,0,,,,,,,,,,
4014,烏鴉吊橋,E_,Corvus,4,4,1290,1140,2430,1,0,0,,100,,0,0,0,0,0,,,,,,0,0,0,0,,,,,,,,,,
,,,,,,,,2.7,,,,,,,,,,,,,,,,,,,,,,,,,,,,,,
4015,漁網,E_,Fishing_net,0,4,660,160,828,0.75,0,0,,50,近,30,30,5,0,3.5,1,3.5,定身 3.5秒,,敵方,0,0,0,0,,,可燃物,電磁力,,,,,,
4015,漁網,E_,Fishing_net,1,4,792,192,984,0.75,0,0,,50,,30,30,5,0,5,,,,,,0,0,0,0,,,,,,,,,,
4015,漁網,E_,Fishing_net,2,4,990,240,1230,0.75,0,0,,50,,30,30,5,0,5,,,,,,0,0,0,0,,,,,,,,,,
4015,漁網,E_,Fishing_net,3,4,1320,320,1640,0.75,0,0,,50,,30,30,5,0,5,,,,,,0,0,0,0,,,,,,,,,,
4015,漁網,E_,Fishing_net,4,4,1980,480,2460,0.75,0,0,,50,,30,30,5,0,5,,,,,,0,0,0,0,,,,,,,,,,
,,,,,,,,2.76,,,,,,,,,,,,,,,,,,,,,,,,,,,,,,
4016,電磁脈衝槍,E_,EMP_gun,0,4,140,250,390,0.5,0,0,,40,遠,0,39,0,0,1,1,1,麻痺 1秒,,敵方,0,0,0,0,,,乙太合金,電磁力,,,,,,
4016,電磁脈衝槍,E_,EMP_gun,1,4,168,300,468,0.5,0,0,,40,,0,50,0,0,1.5,,,,,,0,0,0,0,,,,,,,,,,
4016,電磁脈衝槍,E_,EMP_gun,2,4,210,375,585,0.5,0,0,,40,,0,50,0,0,1.5,,,,,,0,0,0,0,,,,,,,,,,
4016,電磁脈衝槍,E_,EMP_gun,3,4,280,500,780,0.5,0,0,,40,,0,50,0,0,1.5,,,,,,0,0,0,0,,,,,,,,,,
4016,電磁脈衝槍,E_,EMP_gun,4,4,420,750,1170,0.5,0,0,,40,,0,50,0,0,1.5,,,,,,0,0,0,0,,,,,,,,,,
,,,,,,,,1.3,,,,,,,,,,,,,,,,,,,,,,,,,,,,,,
4017,石油噴射器,E_,Oil_gun,0,4,220,290,510,0.5,0,0,,25,中,0,20,0,0,5,1,5,緩速 50%,,敵方,0,0,0,0,,,可燃物,乙太能量,,,,,,
4017,石油噴射器,E_,Oil_gun,1,4,264,348,612,0.5,0,0,,25,,0,20,0,0,0.25,,,,,,0,0,0,0,,,,,,,,,,
4017,石油噴射器,E_,Oil_gun,2,4,330,435,765,0.5,0,0,,25,,0,20,0,0,0.25,,,,,,0,0,0,0,,,,,,,,,,
4017,石油噴射器,E_,Oil_gun,3,4,440,580,1020,0.5,0,0,,25,,0,20,0,0,0.25,,,,,,0,0,0,0,,,,,,,,,,
4017,石油噴射器,E_,Oil_gun,4,4,660,870,1530,0.5,0,0,,25,,0,20,0,0,0.25,,,,,,0,0,0,0,,,,,,,,,,
,,,,,,,,1.7,,,,,,,,,,,,,,,,,,,,,,,,,,,,,,
4018,火箭引擎,E_,Rocket_engine,0,4,40,350,360,0.5,0,0,,70,,0,0,0,0,8,0,8,加速 400%,,我方,0,0,0,0,,,乙太合金,燃燒,,,,,,
4018,火箭引擎,E_,Rocket_engine,1,4,48,420,468,0.5,0,0,,70,,0,0,0,0,0,,,,,,0,0,0,0,,,,,,,,,,
4018,火箭引擎,E_,Rocket_engine,2,4,60,525,585,0.5,0,0,,70,,0,0,0,0,0,,,,,,0,0,0,0,,,,,,,,,,
4018,火箭引擎,E_,Rocket_engine,3,4,80,700,780,0.5,0,0,,70,,0,0,0,0,0,,,,,,0,0,0,0,,,,,,,,,,
4018,火箭引擎,E_,Rocket_engine,4,4,120,1050,1170,0.5,0,0,,70,,0,0,0,0,0,,,,,,0,0,0,0,,,,,,,,,,
,,,,,,,,1.2,,,,,,,,,,,,,,,,,,,,,,,,,,,,,,
4019,能量塔,E_,Tower,0,4,110,700,810,1,0,0,,30,,0,0,0,0,3,0,3,消除子彈 3秒,,敵方,0,0,0,0,,,乙太合金,乙太能量,,,,,,
4019,能量塔,E_,Tower,1,4,132,840,972,1,0,0,,30,,0,0,0,0,0,,,,,,0,0,0,0,,,,,,,,,,
4019,能量塔,E_,Tower,2,4,165,1050,1215,1,0,0,,30,,0,0,0,0,0,,,,,,0,0,0,0,,,,,,,,,,
4019,能量塔,E_,Tower,3,4,220,1400,1620,1,0,0,,30,,0,0,0,0,0,,,,,,0,0,0,0,,,,,,,,,,
4019,能量塔,E_,Tower,4,4,330,2100,2430,1,0,0,,30,,0,0,0,0,0,,,,,,0,0,0,0,,,,,,,,,,
,,,,,,,,2.7,,,,,,,,,,,,,,,,,,,,,,,,,,,,,,
9001,鄭成功,C_,Char01,0,4,200,250,450,0.5,150,0,,0,,0,0,0,0,0,,,,,,0,0,0,0,,,,,,,,,,
9001,鄭成功,C_,Char01,1,4,240,300,,0.1,150,0,,0,,0,0,0,0,0,,,,,,0,0,0,0,,,,,,,,,,
9001,鄭成功,C_,Char01,2,4,300,375,,0.1,150,0,,0,,0,0,0,0,0,,,,,,0,0,0,0,,,,,,,,,,
9001,鄭成功,C_,Char01,3,4,400,500,,0.1,150,0,,0,,0,0,0,0,0,,,,,,0,0,0,0,,,,,,,,,,
9001,鄭成功,C_,Char01,4,4,600,750,,0.1,150,0,,0,,0,0,0,0,0,,,,,,0,0,0,0,,,,,,,,,,
,,,,,,,,,,,,,,,,,,,,,,,,,,,,,,,,,,,,,,
9002,亞哈,C_,Char02,0,4,0,700,700,0.75,0,0,,0,,0,0,0,0,0,,,,,,0,0,0,0,,角色一,,,,,,,,
9002,亞哈,C_,Char02,1,4,0,840,,0.1,0,0,,0,,0,0,0,0,0,,,,,,0,0,0,0,,角色一,,,,,,,,
9002,亞哈,C_,Char02,2,4,0,1050,,0.1,0,0,,0,,0,0,0,0,0,,,,,,0,0,0,0,,角色一,,,,,,,,
9002,亞哈,C_,Char02,3,4,0,1400,,0.1,0,0,,0,,0,0,0,0,0,,,,,,0,0,0,0,,角色一,,,,,,,,
9002,亞哈,C_,Char02,4,4,0,2100,,0.1,0,0,,0,,0,0,0,0,0,,,,,,0,0,0,0,,角色一,,,,,,,,
,,,,,,,,,,,,,,,,,,,,,,,,,,,,,,,,,,,,,,
9003,莫塔,C_,Char03,0,4,0,300,300,0.25,300,0,,0,,0,0,0,0,0,,,,,,0,0,0,0,,角色二,,,,,,,,
9003,莫塔,C_,Char03,1,4,0,360,,0.1,300,0,,0,,0,0,0,0,0,,,,,,0,0,0,0,,角色二,,,,,,,,
9003,莫塔,C_,Char03,2,4,0,450,,0.1,300,0,,0,,0,0,0,0,0,,,,,,0,0,0,0,,角色二,,,,,,,,
9003,莫塔,C_,Char03,3,4,0,600,,0.1,300,0,,0,,0,0,0,0,0,,,,,,0,0,0,0,,角色二,,,,,,,,
9003,莫塔,C_,Char03,4,4,0,900,,0.1,300,0,,0,,0,0,0,0,0,,,,,,0,0,0,0,,角色二,,,,,,,,
,,,,,,,,,,,,,,,,,,,,,,,,,,,,,,,,,,,,,,
9004,貝爾,C_,Char04,0,4,350,350,700,1,0,0,,0,,0,0,0,0,0,,,,,,0,0,0,0,,角色三,,,,,,,,
9004,貝爾,C_,Char04,1,4,420,420,,0.1,0,0,,0,,0,0,0,0,0,,,,,,0,0,0,0,,角色三,,,,,,,,
9004,貝爾,C_,Char04,2,4,525,525,,0.1,0,0,,0,,0,0,0,0,0,,,,,,0,0,0,0,,角色三,,,,,,,,
9004,貝爾,C_,Char04,3,4,700,700,,0.1,0,0,,0,,0,0,0,0,0,,,,,,0,0,0,0,,角色三,,,,,,,,
9004,貝爾,C_,Char04,4,4,1050,1050,,0.1,0,0,,0,,0,0,0,0,0,,,,,,0,0,0,0,,角色三,,,,,,,,
,,,,,,,,,,,,,,,,,,,,,,,,,,,,,,,,,,,,,,
9005,尼莫,C_,Char05,0,4,700,0,700,0.75,0,0,,0,,0,0,0,0,0,,,,,,0,0,0,0,,角色四,,,,,,,,
9005,尼莫,C_,Char05,1,4,840,0,,0.1,0,0,,0,,0,0,0,0,0,,,,,,0,0,0,0,,角色四,,,,,,,,
9005,尼莫,C_,Char05,2,4,1050,0,,0.1,0,0,,0,,0,0,0,0,0,,,,,,0,0,0,0,,角色四,,,,,,,,
9005,尼莫,C_,Char05,3,4,1400,0,,0.1,0,0,,0,,0,0,0,0,0,,,,,,0,0,0,0,,角色四,,,,,,,,
9005,尼莫,C_,Char05,4,4,2100,0,,0.1,0,0,,0,,0,0,0,0,0,,,,,,0,0,0,0,,角色四,,,,,,,,
,,,,,,,,,,,,,,,,,,,,,,,,,,,,,,,,,,,,,,
9006,阿班達,C_,Char06,0,4,260,325,585,0.25,50,0,,0,,0,0,0,0,0,,,,,,0,0,0,0,,角色五,,,,,,,,
9006,阿班達,C_,Char06,1,4,312,390,,0.1,50,0,,0,,0,0,0,0,0,,,,,,0,0,0,0,,角色五,,,,,,,,
9006,阿班達,C_,Char06,2,4,390,488,,0.1,50,0,,0,,0,0,0,0,0,,,,,,0,0,0,0,,角色五,,,,,,,,
9006,阿班達,C_,Char06,3,4,520,651,,0.1,50,0,,0,,0,0,0,0,0,,,,,,0,0,0,0,,角色五,,,,,,,,
9006,阿班達,C_,Char06,4,4,780,977,,0.1,50,0,,0,,0,0,0,0,0,,,,,,0,0,0,0,,角色五,,,,,,,,
,,,,,,,,,,,,,,,,,,,,,,,,,,,,,,,,,,,,,,
1234,Test,W_,Tester,0,,80,80,,0.1,0,0,,0,,0,0,0,0,0,,,,,,0,0,0,0,,,,,,,,,,
,,,,,,,,,,,,,,,,,,,,,,,,,,,,,,,,,,,,,,
1235,Test,W_,Tester 1,0,,120,120,,0.1,0,0,,0,,0,0,0,0,0,,,,,,0,0,0,0,,,,,,,,,,
,,,,,,,,,,,,,,,,,,,,,,,,,,,,,,,,,,,,,,
1236,Test,W_,Tester 2,0,,150,150,,0.1,0,0,,0,,0,0,0,0,0,,,,,,0,0,0,0,,,,,,,,,,